{
  "meta": {
    "etf_code": "510300.SH",
    "etf_name": "沪深300ETF",
    "in_sample": "20180101 → 20231231",
    "out_sample": "20240101 → 20251231",
    "stage1_combos": 400,
    "stage2_combos": 260,
    "valid_results": 18,
    "timestamp": "2026-04-01T17:06:14.975481"
  },
  "best_params": {
    "buy_threshold": 55,
    "sell_threshold": 40,
    "erp_window": 1008,
    "stop_loss": 0,
    "w_erp_abs": 0.2,
    "w_erp_pct": 0.3,
    "w_m1": 0.35,
    "w_vol": 0.08,
    "w_credit": 0.07
  },
  "best_in_sample": {
    "total_return": 0.2616725076578752,
    "annualized_return": 0.039555112841068496,
    "sharpe_ratio": 0.11607859334097159,
    "sortino_ratio": 0.1467602843374529,
    "calmar_ratio": 0.12640938899936818,
    "max_drawdown": -0.3129127761329991,
    "alpha": 0.05262945037935396,
    "information_ratio": 0.5350372585218529,
    "win_rate": 83.3,
    "total_trades": 6,
    "profit_loss_ratio": 1.67,
    "grade": "D",
    "grade_score": 31.5,
    "bench_return": -0.07582625126476117,
    "bench_ann_return": -0.013074337538285463
  },
  "best_out_sample": {
    "total_return": 0.5329689888426952,
    "annualized_return": 0.23849408474887213,
    "sharpe_ratio": 1.6207338407939744,
    "sortino_ratio": 2.023449128632649,
    "calmar_ratio": 2.367082594765973,
    "max_drawdown": -0.1007544414699443,
    "alpha": 0.038943399516587096,
    "information_ratio": 0.2966265066970629,
    "win_rate": 100.0,
    "total_trades": 3,
    "profit_loss_ratio": 13660.0,
    "grade": "A",
    "grade_score": 81.8,
    "bench_return": 0.43820474410295174,
    "bench_ann_return": 0.19955068523228503
  },
  "top10": [
    {
      "rank": 1,
      "params": {
        "buy_threshold": 55,
        "sell_threshold": 40,
        "erp_window": 1008,
        "stop_loss": 0,
        "w_erp_abs": 0.2,
        "w_erp_pct": 0.3,
        "w_m1": 0.35,
        "w_vol": 0.08,
        "w_credit": 0.07
      },
      "in_sample": {
        "total_return": 0.2616725076578752,
        "annualized_return": 0.039555112841068496,
        "sharpe_ratio": 0.11607859334097159,
        "sortino_ratio": 0.1467602843374529,
        "calmar_ratio": 0.12640938899936818,
        "max_drawdown": -0.3129127761329991,
        "alpha": 0.05262945037935396,
        "information_ratio": 0.5350372585218529,
        "win_rate": 83.3,
        "total_trades": 6,
        "profit_loss_ratio": 1.67,
        "grade": "D",
        "grade_score": 31.5,
        "bench_return": -0.07582625126476117,
        "bench_ann_return": -0.013074337538285463
      },
      "out_sample": {
        "total_return": 0.5329689888426952,
        "annualized_return": 0.23849408474887213,
        "sharpe_ratio": 1.6207338407939744,
        "sortino_ratio": 2.023449128632649,
        "calmar_ratio": 2.367082594765973,
        "max_drawdown": -0.1007544414699443,
        "alpha": 0.038943399516587096,
        "information_ratio": 0.2966265066970629,
        "win_rate": 100.0,
        "total_trades": 3,
        "profit_loss_ratio": 13660.0,
        "grade": "A",
        "grade_score": 81.8,
        "bench_return": 0.43820474410295174,
        "bench_ann_return": 0.19955068523228503
      },
      "composite_sharpe": 1.0188717418127733,
      "oos_decay": 13.962383538136082
    },
    {
      "rank": 2,
      "params": {
        "buy_threshold": 55,
        "sell_threshold": 40,
        "erp_window": 1260,
        "stop_loss": 0,
        "w_erp_abs": 0.2,
        "w_erp_pct": 0.3,
        "w_m1": 0.35,
        "w_vol": 0.08,
        "w_credit": 0.07
      },
      "in_sample": {
        "total_return": 0.2616725076578752,
        "annualized_return": 0.039555112841068496,
        "sharpe_ratio": 0.11607859334097159,
        "sortino_ratio": 0.1467602843374529,
        "calmar_ratio": 0.12640938899936818,
        "max_drawdown": -0.3129127761329991,
        "alpha": 0.05262945037935396,
        "information_ratio": 0.5350372585218529,
        "win_rate": 83.3,
        "total_trades": 6,
        "profit_loss_ratio": 1.67,
        "grade": "D",
        "grade_score": 31.5,
        "bench_return": -0.07582625126476117,
        "bench_ann_return": -0.013074337538285463
      },
      "out_sample": {
        "total_return": 0.5329689888426952,
        "annualized_return": 0.23849408474887213,
        "sharpe_ratio": 1.6207338407939744,
        "sortino_ratio": 2.023449128632649,
        "calmar_ratio": 2.367082594765973,
        "max_drawdown": -0.1007544414699443,
        "alpha": 0.038943399516587096,
        "information_ratio": 0.2966265066970629,
        "win_rate": 100.0,
        "total_trades": 3,
        "profit_loss_ratio": 13660.0,
        "grade": "A",
        "grade_score": 81.8,
        "bench_return": 0.43820474410295174,
        "bench_ann_return": 0.19955068523228503
      },
      "composite_sharpe": 1.0188717418127733,
      "oos_decay": 13.962383538136082
    },
    {
      "rank": 3,
      "params": {
        "buy_threshold": 55,
        "sell_threshold": 40,
        "erp_window": 1008,
        "stop_loss": 0,
        "w_erp_abs": 0.2,
        "w_erp_pct": 0.3,
        "w_m1": 0.3,
        "w_vol": 0.1,
        "w_credit": 0.1
      },
      "in_sample": {
        "total_return": 0.22020322071669618,
        "annualized_return": 0.03377284882760101,
        "sharpe_ratio": 0.08214637730943142,
        "sortino_ratio": 0.10331879455066996,
        "calmar_ratio": 0.10793055254875993,
        "max_drawdown": -0.3129127761329991,
        "alpha": 0.04684718636588647,
        "information_ratio": 0.4693146949782811,
        "win_rate": 66.7,
        "total_trades": 6,
        "profit_loss_ratio": 3.6,
        "grade": "D",
        "grade_score": 33.0,
        "bench_return": -0.07582625126476117,
        "bench_ann_return": -0.013074337538285463
      },
      "out_sample": {
        "total_return": 0.4535686039653406,
        "annualized_return": 0.2059496527680651,
        "sharpe_ratio": 1.4695985125793085,
        "sortino_ratio": 1.7265474335350384,
        "calmar_ratio": 2.0440751768695073,
        "max_drawdown": -0.10075444146994444,
        "alpha": 0.006398967535780065,
        "information_ratio": 0.0459858608661861,
        "win_rate": 100.0,
        "total_trades": 3,
        "profit_loss_ratio": 10730.0,
        "grade": "A",
        "grade_score": 75.0,
        "bench_return": 0.43820474410295174,
        "bench_ann_return": 0.19955068523228503
      },
      "composite_sharpe": 0.9146176584713577,
      "oos_decay": 17.889997839388354
    },
    {
      "rank": 4,
      "params": {
        "buy_threshold": 55,
        "sell_threshold": 40,
        "erp_window": 1260,
        "stop_loss": 0,
        "w_erp_abs": 0.2,
        "w_erp_pct": 0.3,
        "w_m1": 0.3,
        "w_vol": 0.1,
        "w_credit": 0.1
      },
      "in_sample": {
        "total_return": 0.22020322071669618,
        "annualized_return": 0.03377284882760101,
        "sharpe_ratio": 0.08214637730943142,
        "sortino_ratio": 0.10331879455066996,
        "calmar_ratio": 0.10793055254875993,
        "max_drawdown": -0.3129127761329991,
        "alpha": 0.04684718636588647,
        "information_ratio": 0.4693146949782811,
        "win_rate": 66.7,
        "total_trades": 6,
        "profit_loss_ratio": 3.6,
        "grade": "D",
        "grade_score": 33.0,
        "bench_return": -0.07582625126476117,
        "bench_ann_return": -0.013074337538285463
      },
      "out_sample": {
        "total_return": 0.4535686039653406,
        "annualized_return": 0.2059496527680651,
        "sharpe_ratio": 1.4695985125793085,
        "sortino_ratio": 1.7265474335350384,
        "calmar_ratio": 2.0440751768695073,
        "max_drawdown": -0.10075444146994444,
        "alpha": 0.006398967535780065,
        "information_ratio": 0.0459858608661861,
        "win_rate": 100.0,
        "total_trades": 3,
        "profit_loss_ratio": 10730.0,
        "grade": "A",
        "grade_score": 75.0,
        "bench_return": 0.43820474410295174,